UE INDEX PATCH (AUTO-GENERATED)
DATE: 2026-01-21
Contains draft index/README files to improve navigation.
NOTE: No markdown links; filenames/paths only.

00__README__ROOT.md
02_STANDARDS/00_CANON/00__INDEX__CANON.md
02_STANDARDS/00_GOVERNANCE/00__INDEX__GOVERNANCE.md
02_STANDARDS/01_SPECIFICATIONS/00__INDEX__SPECIFICATIONS.md
02_STANDARDS/01_SPECIFICATIONS/10_MUSIC_SYSTEM/00__INDEX__MUSIC_SYSTEM.md
02_STANDARDS/02_PROTOCOLS/00__INDEX__PROTOCOLS.md
02_STANDARDS/03_TECHNICAL/00__INDEX__TECHNICAL.md
02_STANDARDS/04_TERMS_DEFINITIONS/00__INDEX__TERMS.md
02_STANDARDS/06_MARKING_STANDARDS/00__INDEX__MARKING_STANDARDS.md
03_SYSTEM_ENTITIES/10_ENG__ENGINES/00_GOVERNANCE_ENGINES/00__INDEX__00_GOVERNANCE_ENGINES.md
03_SYSTEM_ENTITIES/10_ENG__ENGINES/01_CORE_ENGINES/00__INDEX__01_CORE_ENGINES.md
03_SYSTEM_ENTITIES/10_ENG__ENGINES/02_DOMAIN_NARRATIVE_ENGINES/00__INDEX__02_DOMAIN_NARRATIVE_ENGINES.md
03_SYSTEM_ENTITIES/10_ENG__ENGINES/03_DOMAIN_CHARACTER_ENGINES/00__INDEX__03_DOMAIN_CHARACTER_ENGINES.md
03_SYSTEM_ENTITIES/10_ENG__ENGINES/04_DOMAIN_WORLD_ENGINES/00__INDEX__04_DOMAIN_WORLD_ENGINES.md
03_SYSTEM_ENTITIES/10_ENG__ENGINES/05_EXPRESSION_ENGINES/00__INDEX__05_EXPRESSION_ENGINES.md
03_SYSTEM_ENTITIES/10_ENG__ENGINES/06_GENRE_STYLE_ENGINES/00__INDEX__06_GENRE_STYLE_ENGINES.md
03_SYSTEM_ENTITIES/10_ENG__ENGINES/07_PRODUCTION_FORMAT_ENGINES/00__INDEX__07_PRODUCTION_FORMAT_ENGINES.md
03_SYSTEM_ENTITIES/10_ENG__ENGINES/08_KNOWLEDGE_PRODUCTION_ENGINES/00__INDEX__08_KNOWLEDGE_PRODUCTION_ENGINES.md
03_SYSTEM_ENTITIES/10_ENG__ENGINES/09_SOUND_MUSIC_ENGINES/00__INDEX__09_SOUND_MUSIC_ENGINES.md
03_SYSTEM_ENTITIES/10_ENG__ENGINES/10_META_EVOLUTION_ENGINES/00__INDEX__10_META_EVOLUTION_ENGINES.md
03_SYSTEM_ENTITIES/10_ENG__ENGINES/11_MUSIC_FACTORY_ENGINES/00__INDEX__11_MUSIC_FACTORY_ENGINES.md
03_SYSTEM_ENTITIES/10_ENG__ENGINES/12_TREND_GENRE_ENGINES/00__INDEX__12_TREND_GENRE_ENGINES.md
03_SYSTEM_ENTITIES/10_ENG__ENGINES/13_POET_PD_CORPUS_ENGINES/00__INDEX__13_POET_PD_CORPUS_ENGINES.md
03_SYSTEM_ENTITIES/10_ENG__ENGINES/14_NAMING_IDENTITY_ENGINES/00__INDEX__14_NAMING_IDENTITY_ENGINES.md
03_SYSTEM_ENTITIES/20_ORC__ORCHESTRATORS/01_CORE_ORCHESTRATORS/00__INDEX__CORE_ORCHESTRATORS.md
03_SYSTEM_ENTITIES/20_ORC__ORCHESTRATORS/10_MUSIC_ORCHESTRATORS/00__INDEX__MUSIC_ORCHESTRATORS.md
03_SYSTEM_ENTITIES/30_SPC__SPECIALISTS/00_TOP_GOVERNANCE/00__INDEX__TOP_GOVERNANCE.md
03_SYSTEM_ENTITIES/30_SPC__SPECIALISTS/01_CREATIVE/00__INDEX__CREATIVE_SPECIALISTS.md
03_SYSTEM_ENTITIES/30_SPC__SPECIALISTS/02_NARRATIVE/00__INDEX__NARRATIVE_SPECIALISTS.md
03_SYSTEM_ENTITIES/30_SPC__SPECIALISTS/03_CHARACTER/00__INDEX__CHARACTER_SPECIALISTS.md
03_SYSTEM_ENTITIES/30_SPC__SPECIALISTS/04_WORLD/00__INDEX__WORLD_SPECIALISTS.md
03_SYSTEM_ENTITIES/30_SPC__SPECIALISTS/05_VISUAL/00__INDEX__VISUAL_SPECIALISTS.md
03_SYSTEM_ENTITIES/30_SPC__SPECIALISTS/06_SOUND_MUSIC/00__INDEX__SOUND_MUSIC_SPECIALISTS.md
03_SYSTEM_ENTITIES/30_SPC__SPECIALISTS/07_PRODUCTION/00__INDEX__PRODUCTION_SPECIALISTS.md
03_SYSTEM_ENTITIES/30_SPC__SPECIALISTS/08_PSYCHOLOGY/00__INDEX__PSYCHOLOGY_SPECIALISTS.md
03_SYSTEM_ENTITIES/30_SPC__SPECIALISTS/09_RESEARCH/00__INDEX__RESEARCH_SPECIALISTS.md
03_SYSTEM_ENTITIES/30_SPC__SPECIALISTS/10_MARKETING/00__INDEX__MARKETING_SPECIALISTS.md
03_SYSTEM_ENTITIES/30_SPC__SPECIALISTS/11_META/00__INDEX__META_SPECIALISTS.md
03_SYSTEM_ENTITIES/40_CTL__CONTROLLERS/10_MUSIC_CONTROLLERS/00__INDEX__MUSIC_CONTROLLERS.md
03_SYSTEM_ENTITIES/50_VAL__VALIDATORS/10_MUSIC_VALIDATORS/00__INDEX__MUSIC_VALIDATORS.md
03_SYSTEM_ENTITIES/60_QA__QUALITY/10_MUSIC_QA/00__INDEX__MUSIC_QA.md
04_KNOWLEDGE_BASE/01_PILLARS/00__INDEX__PILLARS.md
04_KNOWLEDGE_BASE/10_TOPICS/00__INDEX__TOPICS.md
04_KNOWLEDGE_BASE/10_TOPICS/10_NARRATIVE/00__INDEX__TOPICS_10_NARRATIVE.md
04_KNOWLEDGE_BASE/10_TOPICS/20_CHARACTER/00__INDEX__TOPICS_20_CHARACTER.md
04_KNOWLEDGE_BASE/10_TOPICS/30_WORLD/00__INDEX__TOPICS_30_WORLD.md
04_KNOWLEDGE_BASE/10_TOPICS/40_VISUAL/00__INDEX__TOPICS_40_VISUAL.md
04_KNOWLEDGE_BASE/10_TOPICS/50_SOUND_MUSIC/00__INDEX__TOPICS_50_SOUND_MUSIC.md
04_KNOWLEDGE_BASE/10_TOPICS/60_PRODUCTION/00__INDEX__TOPICS_60_PRODUCTION.md
04_KNOWLEDGE_BASE/10_TOPICS/70_MARKETING/00__INDEX__TOPICS_70_MARKETING.md
04_KNOWLEDGE_BASE/10_TOPICS/80_META/00__INDEX__TOPICS_80_META.md
04_KNOWLEDGE_BASE/10_TOPICS/90_REFERENCE/00__INDEX__TOPICS_90_REFERENCE.md
04_KNOWLEDGE_BASE/20_ENTITIES_KB/10_SPC/PRO_PACKS/00__INDEX__PRO_PACKS.md
04_KNOWLEDGE_BASE/20_ENTITIES_KB/20_ENG/ENG_PACKS/00__INDEX__ENG_PACKS.md
04_KNOWLEDGE_BASE/20_ENTITIES_KB/30_ORC/ORC_PACKS/00__INDEX__ORC_PACKS.md
04_KNOWLEDGE_BASE/20_ENTITIES_KB/40_CTL/CTL_PACKS/00__INDEX__CTL_PACKS.md
04_KNOWLEDGE_BASE/20_ENTITIES_KB/50_VAL/VAL_PACKS/00__INDEX__VAL_PACKS.md
04_KNOWLEDGE_BASE/20_ENTITIES_KB/60_QA/QA_PACKS/00__INDEX__QA_PACKS.md
04_KNOWLEDGE_BASE/20_ENTITIES_KB/10_SPC/PRO_PACKS/01__MUSIC_SUPERVISOR_SPC/00__INDEX__PACK_CONTENTS.md
04_KNOWLEDGE_BASE/20_ENTITIES_KB/10_SPC/PRO_PACKS/02__MUSIC_PRODUCER_SPC/00__INDEX__PACK_CONTENTS.md
04_KNOWLEDGE_BASE/20_ENTITIES_KB/10_SPC/PRO_PACKS/03__COMPOSER_SPC/00__INDEX__PACK_CONTENTS.md
04_KNOWLEDGE_BASE/20_ENTITIES_KB/10_SPC/PRO_PACKS/04__SONGWRITER_SPC/00__INDEX__PACK_CONTENTS.md
04_KNOWLEDGE_BASE/20_ENTITIES_KB/10_SPC/PRO_PACKS/05__LYRICIST_SPC/00__INDEX__PACK_CONTENTS.md
04_KNOWLEDGE_BASE/20_ENTITIES_KB/10_SPC/PRO_PACKS/06__ARRANGER_SPC/00__INDEX__PACK_CONTENTS.md
04_KNOWLEDGE_BASE/20_ENTITIES_KB/10_SPC/PRO_PACKS/07__VOCAL_DIRECTOR_SPC/00__INDEX__PACK_CONTENTS.md
04_KNOWLEDGE_BASE/20_ENTITIES_KB/10_SPC/PRO_PACKS/08__SOUND_DESIGNER_SPC/00__INDEX__PACK_CONTENTS.md
04_KNOWLEDGE_BASE/20_ENTITIES_KB/10_SPC/PRO_PACKS/09__MIX_ENGINEER_SPC/00__INDEX__PACK_CONTENTS.md
04_KNOWLEDGE_BASE/20_ENTITIES_KB/10_SPC/PRO_PACKS/10__MASTERING_ENGINEER_SPC/00__INDEX__PACK_CONTENTS.md
04_KNOWLEDGE_BASE/20_ENTITIES_KB/10_SPC/PRO_PACKS/11__AUDIO_QA_SPC/00__INDEX__PACK_CONTENTS.md
04_KNOWLEDGE_BASE/20_ENTITIES_KB/10_SPC/PRO_PACKS/12__PROMPT_ARCHITECT_SPC/00__INDEX__PACK_CONTENTS.md
04_KNOWLEDGE_BASE/20_ENTITIES_KB/10_SPC/PRO_PACKS/13__UGC_DIRECTOR_SPC/00__INDEX__PACK_CONTENTS.md
04_KNOWLEDGE_BASE/20_ENTITIES_KB/10_SPC/PRO_PACKS/14__EARWORM_DIRECTOR_SPC/00__INDEX__PACK_CONTENTS.md
04_KNOWLEDGE_BASE/20_ENTITIES_KB/10_SPC/PRO_PACKS/15__GENRE_FUSION_ARCHITECT_SPC/00__INDEX__PACK_CONTENTS.md
04_KNOWLEDGE_BASE/20_ENTITIES_KB/10_SPC/PRO_PACKS/16__TREND_ENGINEER_SPC/00__INDEX__PACK_CONTENTS.md
04_KNOWLEDGE_BASE/20_ENTITIES_KB/10_SPC/PRO_PACKS/17__POET_JUICE_EDITOR_SPC/00__INDEX__PACK_CONTENTS.md
04_KNOWLEDGE_BASE/20_ENTITIES_KB/10_SPC/PRO_PACKS/18__MOSAIC_EDITOR_SPC/00__INDEX__PACK_CONTENTS.md
04_KNOWLEDGE_BASE/20_ENTITIES_KB/10_SPC/PRO_PACKS/19__ALBUM_SHOWRUNNER_SPC/00__INDEX__PACK_CONTENTS.md
04_KNOWLEDGE_BASE/20_ENTITIES_KB/10_SPC/PRO_PACKS/20__GROUP_CREATIVE_DIRECTOR_SPC/00__INDEX__PACK_CONTENTS.md
04_KNOWLEDGE_BASE/20_ENTITIES_KB/20_ENG/ENG_PACKS/01__MUSIC_COMPOSITION_ENG/00__INDEX__PACK_CONTENTS.md
04_KNOWLEDGE_BASE/20_ENTITIES_KB/20_ENG/ENG_PACKS/02__SONG_STRUCTURE_ENG/00__INDEX__PACK_CONTENTS.md
04_KNOWLEDGE_BASE/20_ENTITIES_KB/20_ENG/ENG_PACKS/03__HARMONY_CHORD_ENG/00__INDEX__PACK_CONTENTS.md
04_KNOWLEDGE_BASE/20_ENTITIES_KB/20_ENG/ENG_PACKS/04__MELODY_HOOK_ENG/00__INDEX__PACK_CONTENTS.md
04_KNOWLEDGE_BASE/20_ENTITIES_KB/20_ENG/ENG_PACKS/05__RHYTHM_GROOVE_ENG/00__INDEX__PACK_CONTENTS.md
04_KNOWLEDGE_BASE/20_ENTITIES_KB/20_ENG/ENG_PACKS/06__RHYME_METER_ENG/00__INDEX__PACK_CONTENTS.md
04_KNOWLEDGE_BASE/20_ENTITIES_KB/20_ENG/ENG_PACKS/07__LYRICS_ENG/00__INDEX__PACK_CONTENTS.md
04_KNOWLEDGE_BASE/20_ENTITIES_KB/20_ENG/ENG_PACKS/08__ARRANGEMENT_INSTRUMENTATION_ENG/00__INDEX__PACK_CONTENTS.md
04_KNOWLEDGE_BASE/20_ENTITIES_KB/20_ENG/ENG_PACKS/09__VOCAL_PERFORMANCE_ENG/00__INDEX__PACK_CONTENTS.md
04_KNOWLEDGE_BASE/20_ENTITIES_KB/20_ENG/ENG_PACKS/10__SOUND_DESIGN_ENG/00__INDEX__PACK_CONTENTS.md
04_KNOWLEDGE_BASE/20_ENTITIES_KB/20_ENG/ENG_PACKS/11__MUSIC_STYLE_CONSISTENCY_ENG/00__INDEX__PACK_CONTENTS.md
04_KNOWLEDGE_BASE/20_ENTITIES_KB/20_ENG/ENG_PACKS/12__MUSIC_TO_SCENE_ENG/00__INDEX__PACK_CONTENTS.md
04_KNOWLEDGE_BASE/20_ENTITIES_KB/20_ENG/ENG_PACKS/13__MIX_MASTER_ENG/00__INDEX__PACK_CONTENTS.md
04_KNOWLEDGE_BASE/20_ENTITIES_KB/30_ORC/ORC_PACKS/01__GROUP_TO_ALBUM_ORC/00__INDEX__PACK_CONTENTS.md
04_KNOWLEDGE_BASE/20_ENTITIES_KB/30_ORC/ORC_PACKS/02__ALBUM_TO_TRACK_ORC/00__INDEX__PACK_CONTENTS.md
04_KNOWLEDGE_BASE/20_ENTITIES_KB/30_ORC/ORC_PACKS/03__TRACK_TEST_DOC_GATE_ORC/00__INDEX__PACK_CONTENTS.md
04_KNOWLEDGE_BASE/20_ENTITIES_KB/30_ORC/ORC_PACKS/04__RELEASE_PACK_ORC/00__INDEX__PACK_CONTENTS.md
04_KNOWLEDGE_BASE/20_ENTITIES_KB/30_ORC/ORC_PACKS/05__PORTFOLIO_PLANNER_ORC/00__INDEX__PACK_CONTENTS.md
04_KNOWLEDGE_BASE/20_ENTITIES_KB/30_ORC/ORC_PACKS/06__POET_PACK_ORC/00__INDEX__PACK_CONTENTS.md
04_KNOWLEDGE_BASE/20_ENTITIES_KB/40_CTL/CTL_PACKS/01__PROMPT_CONTRACT_CTL/00__INDEX__PACK_CONTENTS.md
04_KNOWLEDGE_BASE/20_ENTITIES_KB/40_CTL/CTL_PACKS/02__UGC_VIRAL_RULESET_CTL/00__INDEX__PACK_CONTENTS.md
04_KNOWLEDGE_BASE/20_ENTITIES_KB/40_CTL/CTL_PACKS/03__DURATION_POLICY_CTL/00__INDEX__PACK_CONTENTS.md
04_KNOWLEDGE_BASE/20_ENTITIES_KB/40_CTL/CTL_PACKS/04__RELEASE_VARIANTS_CTL/00__INDEX__PACK_CONTENTS.md
04_KNOWLEDGE_BASE/20_ENTITIES_KB/40_CTL/CTL_PACKS/05__POET_PD_POLICY_CTL/00__INDEX__PACK_CONTENTS.md
04_KNOWLEDGE_BASE/20_ENTITIES_KB/40_CTL/CTL_PACKS/06__FINGERPRINT_COLLISION_THRESHOLDS_CTL/00__INDEX__PACK_CONTENTS.md
04_KNOWLEDGE_BASE/20_ENTITIES_KB/40_CTL/CTL_PACKS/07__CATALOG_MEMORY_CTL/00__INDEX__PACK_CONTENTS.md
04_KNOWLEDGE_BASE/20_ENTITIES_KB/40_CTL/CTL_PACKS/08__AUDIENCE_SEGMENTS_CTL/00__INDEX__PACK_CONTENTS.md
04_KNOWLEDGE_BASE/20_ENTITIES_KB/40_CTL/CTL_PACKS/09__QUALITY_GATES_CTL/00__INDEX__PACK_CONTENTS.md
04_KNOWLEDGE_BASE/20_ENTITIES_KB/50_VAL/VAL_PACKS/01__HOOK_TIMING_VAL/00__INDEX__PACK_CONTENTS.md
04_KNOWLEDGE_BASE/20_ENTITIES_KB/50_VAL/VAL_PACKS/02__UGC_READY_VAL/00__INDEX__PACK_CONTENTS.md
04_KNOWLEDGE_BASE/20_ENTITIES_KB/50_VAL/VAL_PACKS/03__REPEAT_GUARD_VAL/00__INDEX__PACK_CONTENTS.md
04_KNOWLEDGE_BASE/20_ENTITIES_KB/50_VAL/VAL_PACKS/04__PD_ONLY_VAL/00__INDEX__PACK_CONTENTS.md
04_KNOWLEDGE_BASE/20_ENTITIES_KB/50_VAL/VAL_PACKS/05__COLLISION_BLOCKER_VAL/00__INDEX__PACK_CONTENTS.md
04_KNOWLEDGE_BASE/20_ENTITIES_KB/50_VAL/VAL_PACKS/06__RELEASE_PACK_READY_VAL/00__INDEX__PACK_CONTENTS.md
04_KNOWLEDGE_BASE/20_ENTITIES_KB/50_VAL/VAL_PACKS/07__NAMING_COLLISION_VAL/00__INDEX__PACK_CONTENTS.md
04_KNOWLEDGE_BASE/20_ENTITIES_KB/50_VAL/VAL_PACKS/08__PROMPT_FIDELITY_VAL/00__INDEX__PACK_CONTENTS.md
04_KNOWLEDGE_BASE/20_ENTITIES_KB/50_VAL/VAL_PACKS/09__CREDITS_RIGHTS_VAL/00__INDEX__PACK_CONTENTS.md
04_KNOWLEDGE_BASE/20_ENTITIES_KB/50_VAL/VAL_PACKS/10__VOICE_DIVERSITY_VAL/00__INDEX__PACK_CONTENTS.md
04_KNOWLEDGE_BASE/20_ENTITIES_KB/60_QA/QA_PACKS/01__SCROLL_STOP_5S_QA/00__INDEX__PACK_CONTENTS.md
04_KNOWLEDGE_BASE/20_ENTITIES_KB/60_QA/QA_PACKS/02__LOOP_15S_QA/00__INDEX__PACK_CONTENTS.md
04_KNOWLEDGE_BASE/20_ENTITIES_KB/60_QA/QA_PACKS/03__RECOGNITION_10S_QA/00__INDEX__PACK_CONTENTS.md
04_KNOWLEDGE_BASE/20_ENTITIES_KB/60_QA/QA_PACKS/04__CREATOR_PANEL_QA/00__INDEX__PACK_CONTENTS.md
04_KNOWLEDGE_BASE/20_ENTITIES_KB/60_QA/QA_PACKS/05__MIX_TRANSLATION_QA/00__INDEX__PACK_CONTENTS.md
04_KNOWLEDGE_BASE/20_ENTITIES_KB/60_QA/QA_PACKS/06__HOOK_PANEL_QA/00__INDEX__PACK_CONTENTS.md
04_KNOWLEDGE_BASE/20_ENTITIES_KB/60_QA/QA_PACKS/07__CATALOG_DIFFERENTIATION_QA/00__INDEX__PACK_CONTENTS.md
04_KNOWLEDGE_BASE/20_ENTITIES_KB/60_QA/QA_PACKS/08__VOICE_DIVERSITY_AUDIT_QA/00__INDEX__PACK_CONTENTS.md
04_KNOWLEDGE_BASE/20_ENTITIES_KB/60_QA/QA_PACKS/09__REGRESSION_GUARD_QA/00__INDEX__PACK_CONTENTS.md
04_KNOWLEDGE_BASE/30_SHARED_LIBRARIES/00__INDEX__SHARED_LIBRARIES.md
04_KNOWLEDGE_BASE/30_SHARED_LIBRARIES/10_CHECKLISTS/00__INDEX__CHECKLISTS.md
04_KNOWLEDGE_BASE/30_SHARED_LIBRARIES/20_RUBRICS/00__INDEX__RUBRICS.md
04_KNOWLEDGE_BASE/30_SHARED_LIBRARIES/30_TEMPLATES/00__INDEX__TEMPLATES.md
04_KNOWLEDGE_BASE/30_SHARED_LIBRARIES/40_PATTERNS/00__INDEX__PATTERNS.md
04_KNOWLEDGE_BASE/30_SHARED_LIBRARIES/50_EXAMPLES/00__INDEX__EXAMPLES.md
04_KNOWLEDGE_BASE/30_SHARED_LIBRARIES/60_PROMPT_LIB/00__INDEX__PROMPT_LIB.md
04_KNOWLEDGE_BASE/40_RELATION_XREF/00__INDEX__RELATION_XREF.md
05_PROJECTS/00__INDEX__PROJECTS.md
05_PROJECTS/01_WORKSHOP/00__INDEX__WORKSHOP.md
05_PROJECTS/01_WORKSHOP/01_CHARACTERS/00__INDEX__01_CHARACTERS.md
05_PROJECTS/01_WORKSHOP/02_LOCATIONS/00__INDEX__02_LOCATIONS.md
05_PROJECTS/01_WORKSHOP/03_OBJECTS/00__INDEX__03_OBJECTS.md
05_PROJECTS/01_WORKSHOP/04_SYSTEMS/00__INDEX__04_SYSTEMS.md
05_PROJECTS/01_WORKSHOP/05_FACTIONS/00__INDEX__05_FACTIONS.md
05_PROJECTS/01_WORKSHOP/06_EVENTS/00__INDEX__06_EVENTS.md
05_PROJECTS/01_WORKSHOP/07_CONCEPTS/00__INDEX__07_CONCEPTS.md
05_PROJECTS/01_WORKSHOP/08_RELATIONSHIPS/00__INDEX__08_RELATIONSHIPS.md
05_PROJECTS/01_WORKSHOP/09_ARCS/00__INDEX__09_ARCS.md
05_PROJECTS/01_WORKSHOP/10_STYLES/00__INDEX__10_STYLES.md
05_PROJECTS/01_WORKSHOP/11_EXPERIMENTS/00__INDEX__11_EXPERIMENTS.md
05_PROJECTS/06_OUTPUT/00__INDEX__OUTPUT.md
05_PROJECTS/07_MUSIC_LABEL/00__INDEX__MUSIC_LABEL.md
05_PROJECTS/07_MUSIC_LABEL/10_BRANDS/00__INDEX__BRANDS.md
05_PROJECTS/07_MUSIC_LABEL/10_BRANDS/BRD__SEREBRYANY_VETER/00__INDEX__BRAND.md
05_PROJECTS/07_MUSIC_LABEL/10_BRANDS/BRD__SEREBRYANY_VETER/10_RELEASES/00__INDEX__RELEASES.md
05_PROJECTS/07_MUSIC_LABEL/10_BRANDS/BRD__SEREBRYANY_VETER/10_RELEASES/_AUDIO/00__INDEX__AUDIO.md
05_PROJECTS/07_MUSIC_LABEL/10_BRANDS/BRD__SEREBRYANY_VETER/10_RELEASES/_COVERS/00__INDEX__COVERS.md
05_PROJECTS/07_MUSIC_LABEL/10_BRANDS/BRD__SEREBRYANY_VETER/10_RELEASES/_SHORTS/00__INDEX__SHORTS.md
06_ASSETS/00__INDEX__ASSETS.md
07_MODELS/00__README__MODELS.md
07_MODELS/00__INDEX__MODELS.md
08_DATABASES/00__INDEX__DATABASES.md
08_DATABASES/10_MUSIC_CATALOG/00__INDEX__MUSIC_CATALOG.md
08_DATABASES/10_MUSIC_CATALOG/GROUPS/00__INDEX__GROUPS.md
99_LOGS/00__INDEX__LOGS.md
